Edad,Sexo,Valor,Data,Tipo
0 años,Hombres,165066,Absolutos,nacional
1 año,Hombres,184358,Absolutos,nacional
2 años,Hombres,192706,Absolutos,nacional
3 años,Hombres,207975,Absolutos,nacional
4 años,Hombres,219278,Absolutos,nacional
5 años,Hombres,225105,Absolutos,nacional
6 años,Hombres,229827,Absolutos,nacional
7 años,Hombres,226994,Absolutos,nacional
8 años,Hombres,241025,Absolutos,nacional
9 años,Hombres,247622,Absolutos,nacional
10 años,Hombres,253127,Absolutos,nacional
11 años,Hombres,258406,Absolutos,nacional
12 años,Hombres,269870,Absolutos,nacional
13 años,Hombres,259774,Absolutos,nacional
14 años,Hombres,258644,Absolutos,nacional
15 años,Hombres,252967,Absolutos,nacional
16 años,Hombres,252458,Absolutos,nacional
17 años,Hombres,248888,Absolutos,nacional
18 años,Hombres,244855,Absolutos,nacional
19 años,Hombres,246333,Absolutos,nacional
20 años,Hombres,250219,Absolutos,nacional
21 años,Hombres,244541,Absolutos,nacional
22 años,Hombres,240376,Absolutos,nacional
23 años,Hombres,244271,Absolutos,nacional
24 años,Hombres,242842,Absolutos,nacional
25 años,Hombres,246257,Absolutos,nacional
26 años,Hombres,251070,Absolutos,nacional
27 años,Hombres,260396,Absolutos,nacional
28 años,Hombres,267593,Absolutos,nacional
29 años,Hombres,267573,Absolutos,nacional
30 años,Hombres,270724,Absolutos,nacional
31 años,Hombres,274834,Absolutos,nacional
32 años,Hombres,279711,Absolutos,nacional
33 años,Hombres,283061,Absolutos,nacional
34 años,Hombres,288940,Absolutos,nacional
35 años,Hombres,298902,Absolutos,nacional
36 años,Hombres,310662,Absolutos,nacional
37 años,Hombres,321367,Absolutos,nacional
38 años,Hombres,340348,Absolutos,nacional
39 años,Hombres,356110,Absolutos,nacional
40 años,Hombres,374035,Absolutos,nacional
41 años,Hombres,384232,Absolutos,nacional
42 años,Hombres,402128,Absolutos,nacional
43 años,Hombres,408481,Absolutos,nacional
44 años,Hombres,414169,Absolutos,nacional
45 años,Hombres,411571,Absolutos,nacional
46 años,Hombres,407252,Absolutos,nacional
47 años,Hombres,396837,Absolutos,nacional
48 años,Hombres,393574,Absolutos,nacional
49 años,Hombres,385906,Absolutos,nacional
50 años,Hombres,379387,Absolutos,nacional
51 años,Hombres,372948,Absolutos,nacional
52 años,Hombres,368186,Absolutos,nacional
53 años,Hombres,368213,Absolutos,nacional
54 años,Hombres,358309,Absolutos,nacional
55 años,Hombres,352772,Absolutos,nacional
56 años,Hombres,355618,Absolutos,nacional
57 años,Hombres,337034,Absolutos,nacional
58 años,Hombres,323397,Absolutos,nacional
59 años,Hombres,313940,Absolutos,nacional
60 años,Hombres,313216,Absolutos,nacional
61 años,Hombres,302926,Absolutos,nacional
62 años,Hombres,293835,Absolutos,nacional
63 años,Hombres,284134,Absolutos,nacional
64 años,Hombres,262733,Absolutos,nacional
65 años,Hombres,253051,Absolutos,nacional
66 años,Hombres,238463,Absolutos,nacional
67 años,Hombres,237836,Absolutos,nacional
68 años,Hombres,234665,Absolutos,nacional
69 años,Hombres,216572,Absolutos,nacional
70 años,Hombres,208146,Absolutos,nacional
71 años,Hombres,212031,Absolutos,nacional
72 años,Hombres,217917,Absolutos,nacional
73 años,Hombres,195470,Absolutos,nacional
74 años,Hombres,182249,Absolutos,nacional
75 años,Hombres,185685,Absolutos,nacional
76 años,Hombres,172241,Absolutos,nacional
77 años,Hombres,164742,Absolutos,nacional
78 años,Hombres,137658,Absolutos,nacional
79 años,Hombres,122184,Absolutos,nacional
80 años,Hombres,142522,Absolutos,nacional
81 años,Hombres,87950,Absolutos,nacional
82 años,Hombres,95015,Absolutos,nacional
83 años,Hombres,99963,Absolutos,nacional
84 años,Hombres,99973,Absolutos,nacional
85 años,Hombres,90172,Absolutos,nacional
86 años,Hombres,80832,Absolutos,nacional
87 años,Hombres,73337,Absolutos,nacional
88 años,Hombres,63957,Absolutos,nacional
89 años,Hombres,52278,Absolutos,nacional
90 años,Hombres,43017,Absolutos,nacional
91 años,Hombres,33541,Absolutos,nacional
92 años,Hombres,26407,Absolutos,nacional
93 años,Hombres,19112,Absolutos,nacional
94 años,Hombres,14443,Absolutos,nacional
95 años,Hombres,10076,Absolutos,nacional
96 años,Hombres,7251,Absolutos,nacional
97 años,Hombres,5001,Absolutos,nacional
98 años,Hombres,3229,Absolutos,nacional
99 años,Hombres,2075,Absolutos,nacional
100 y más años,Hombres,3984,Absolutos,nacional
0 años,Hombres,6613,Absolutos,espana_rural
1 año,Hombres,7501,Absolutos,espana_rural
2 años,Hombres,7787,Absolutos,espana_rural
3 años,Hombres,8246,Absolutos,espana_rural
4 años,Hombres,8643,Absolutos,espana_rural
5 años,Hombres,9206,Absolutos,espana_rural
6 años,Hombres,9272,Absolutos,espana_rural
7 años,Hombres,9073,Absolutos,espana_rural
8 años,Hombres,9903,Absolutos,espana_rural
9 años,Hombres,10066,Absolutos,espana_rural
10 años,Hombres,10185,Absolutos,espana_rural
11 años,Hombres,10538,Absolutos,espana_rural
12 años,Hombres,10929,Absolutos,espana_rural
13 años,Hombres,10734,Absolutos,espana_rural
14 años,Hombres,10651,Absolutos,espana_rural
15 años,Hombres,10847,Absolutos,espana_rural
16 años,Hombres,10669,Absolutos,espana_rural
17 años,Hombres,10734,Absolutos,espana_rural
18 años,Hombres,10923,Absolutos,espana_rural
19 años,Hombres,11201,Absolutos,espana_rural
20 años,Hombres,11714,Absolutos,espana_rural
21 años,Hombres,11627,Absolutos,espana_rural
22 años,Hombres,11847,Absolutos,espana_rural
23 años,Hombres,12395,Absolutos,espana_rural
24 años,Hombres,11979,Absolutos,espana_rural
25 años,Hombres,12468,Absolutos,espana_rural
26 años,Hombres,12609,Absolutos,espana_rural
27 años,Hombres,13052,Absolutos,espana_rural
28 años,Hombres,13793,Absolutos,espana_rural
29 años,Hombres,13741,Absolutos,espana_rural
30 años,Hombres,14238,Absolutos,espana_rural
31 años,Hombres,14503,Absolutos,espana_rural
32 años,Hombres,14904,Absolutos,espana_rural
33 años,Hombres,14778,Absolutos,espana_rural
34 años,Hombres,15367,Absolutos,espana_rural
35 años,Hombres,15196,Absolutos,espana_rural
36 años,Hombres,16125,Absolutos,espana_rural
37 años,Hombres,16422,Absolutos,espana_rural
38 años,Hombres,17369,Absolutos,espana_rural
39 años,Hombres,18180,Absolutos,espana_rural
40 años,Hombres,19284,Absolutos,espana_rural
41 años,Hombres,19489,Absolutos,espana_rural
42 años,Hombres,20334,Absolutos,espana_rural
43 años,Hombres,20907,Absolutos,espana_rural
44 años,Hombres,21662,Absolutos,espana_rural
45 años,Hombres,21581,Absolutos,espana_rural
46 años,Hombres,21603,Absolutos,espana_rural
47 años,Hombres,21773,Absolutos,espana_rural
48 años,Hombres,21964,Absolutos,espana_rural
49 años,Hombres,22186,Absolutos,espana_rural
50 años,Hombres,22368,Absolutos,espana_rural
51 años,Hombres,23260,Absolutos,espana_rural
52 años,Hombres,23518,Absolutos,espana_rural
53 años,Hombres,24145,Absolutos,espana_rural
54 años,Hombres,23933,Absolutos,espana_rural
55 años,Hombres,24165,Absolutos,espana_rural
56 años,Hombres,24924,Absolutos,espana_rural
57 años,Hombres,24715,Absolutos,espana_rural
58 años,Hombres,24345,Absolutos,espana_rural
59 años,Hombres,24351,Absolutos,espana_rural
60 años,Hombres,24321,Absolutos,espana_rural
61 años,Hombres,23887,Absolutos,espana_rural
62 años,Hombres,23034,Absolutos,espana_rural
63 años,Hombres,22145,Absolutos,espana_rural
64 años,Hombres,20497,Absolutos,espana_rural
65 años,Hombres,19777,Absolutos,espana_rural
66 años,Hombres,18885,Absolutos,espana_rural
67 años,Hombres,19031,Absolutos,espana_rural
68 años,Hombres,18832,Absolutos,espana_rural
69 años,Hombres,17217,Absolutos,espana_rural
70 años,Hombres,16875,Absolutos,espana_rural
71 años,Hombres,16930,Absolutos,espana_rural
72 años,Hombres,17516,Absolutos,espana_rural
73 años,Hombres,15810,Absolutos,espana_rural
74 años,Hombres,14875,Absolutos,espana_rural
75 años,Hombres,15287,Absolutos,espana_rural
76 años,Hombres,14862,Absolutos,espana_rural
77 años,Hombres,14177,Absolutos,espana_rural
78 años,Hombres,12319,Absolutos,espana_rural
79 años,Hombres,11308,Absolutos,espana_rural
80 años,Hombres,13130,Absolutos,espana_rural
81 años,Hombres,8167,Absolutos,espana_rural
82 años,Hombres,9050,Absolutos,espana_rural
83 años,Hombres,10261,Absolutos,espana_rural
84 años,Hombres,11348,Absolutos,espana_rural
85 años,Hombres,10074,Absolutos,espana_rural
86 años,Hombres,9371,Absolutos,espana_rural
87 años,Hombres,8665,Absolutos,espana_rural
88 años,Hombres,7986,Absolutos,espana_rural
89 años,Hombres,6686,Absolutos,espana_rural
90 años,Hombres,5689,Absolutos,espana_rural
91 años,Hombres,4384,Absolutos,espana_rural
92 años,Hombres,3527,Absolutos,espana_rural
93 años,Hombres,2623,Absolutos,espana_rural
94 años,Hombres,2077,Absolutos,espana_rural
95 años,Hombres,1392,Absolutos,espana_rural
96 años,Hombres,1133,Absolutos,espana_rural
97 años,Hombres,764,Absolutos,espana_rural
98 años,Hombres,537,Absolutos,espana_rural
99 años,Hombres,298,Absolutos,espana_rural
100 y más años,Hombres,553,Absolutos,espana_rural
0 años,Hombres,158453,Absolutos,espana_urbana
1 año,Hombres,176857,Absolutos,espana_urbana
2 años,Hombres,184919,Absolutos,espana_urbana
3 años,Hombres,199729,Absolutos,espana_urbana
4 años,Hombres,210635,Absolutos,espana_urbana
5 años,Hombres,215899,Absolutos,espana_urbana
6 años,Hombres,220555,Absolutos,espana_urbana
7 años,Hombres,217921,Absolutos,espana_urbana
8 años,Hombres,231122,Absolutos,espana_urbana
9 años,Hombres,237556,Absolutos,espana_urbana
10 años,Hombres,242942,Absolutos,espana_urbana
11 años,Hombres,247868,Absolutos,espana_urbana
12 años,Hombres,258941,Absolutos,espana_urbana
13 años,Hombres,249040,Absolutos,espana_urbana
14 años,Hombres,247993,Absolutos,espana_urbana
15 años,Hombres,242120,Absolutos,espana_urbana
16 años,Hombres,241789,Absolutos,espana_urbana
17 años,Hombres,238154,Absolutos,espana_urbana
18 años,Hombres,233932,Absolutos,espana_urbana
19 años,Hombres,235132,Absolutos,espana_urbana
20 años,Hombres,238505,Absolutos,espana_urbana
21 años,Hombres,232914,Absolutos,espana_urbana
22 años,Hombres,228529,Absolutos,espana_urbana
23 años,Hombres,231876,Absolutos,espana_urbana
24 años,Hombres,230863,Absolutos,espana_urbana
25 años,Hombres,233789,Absolutos,espana_urbana
26 años,Hombres,238461,Absolutos,espana_urbana
27 años,Hombres,247344,Absolutos,espana_urbana
28 años,Hombres,253800,Absolutos,espana_urbana
29 años,Hombres,253832,Absolutos,espana_urbana
30 años,Hombres,256486,Absolutos,espana_urbana
31 años,Hombres,260331,Absolutos,espana_urbana
32 años,Hombres,264807,Absolutos,espana_urbana
33 años,Hombres,268283,Absolutos,espana_urbana
34 años,Hombres,273573,Absolutos,espana_urbana
35 años,Hombres,283706,Absolutos,espana_urbana
36 años,Hombres,294537,Absolutos,espana_urbana
37 años,Hombres,304945,Absolutos,espana_urbana
38 años,Hombres,322979,Absolutos,espana_urbana
39 años,Hombres,337930,Absolutos,espana_urbana
40 años,Hombres,354751,Absolutos,espana_urbana
41 años,Hombres,364743,Absolutos,espana_urbana
42 años,Hombres,381794,Absolutos,espana_urbana
43 años,Hombres,387574,Absolutos,espana_urbana
44 años,Hombres,392507,Absolutos,espana_urbana
45 años,Hombres,389990,Absolutos,espana_urbana
46 años,Hombres,385649,Absolutos,espana_urbana
47 años,Hombres,375064,Absolutos,espana_urbana
48 años,Hombres,371610,Absolutos,espana_urbana
49 años,Hombres,363720,Absolutos,espana_urbana
50 años,Hombres,357019,Absolutos,espana_urbana
51 años,Hombres,349688,Absolutos,espana_urbana
52 años,Hombres,344668,Absolutos,espana_urbana
53 años,Hombres,344068,Absolutos,espana_urbana
54 años,Hombres,334376,Absolutos,espana_urbana
55 años,Hombres,328607,Absolutos,espana_urbana
56 años,Hombres,330694,Absolutos,espana_urbana
57 años,Hombres,312319,Absolutos,espana_urbana
58 años,Hombres,299052,Absolutos,espana_urbana
59 años,Hombres,289589,Absolutos,espana_urbana
60 años,Hombres,288895,Absolutos,espana_urbana
61 años,Hombres,279039,Absolutos,espana_urbana
62 años,Hombres,270801,Absolutos,espana_urbana
63 años,Hombres,261989,Absolutos,espana_urbana
64 años,Hombres,242236,Absolutos,espana_urbana
65 años,Hombres,233274,Absolutos,espana_urbana
66 años,Hombres,219578,Absolutos,espana_urbana
67 años,Hombres,218805,Absolutos,espana_urbana
68 años,Hombres,215833,Absolutos,espana_urbana
69 años,Hombres,199355,Absolutos,espana_urbana
70 años,Hombres,191271,Absolutos,espana_urbana
71 años,Hombres,195101,Absolutos,espana_urbana
72 años,Hombres,200401,Absolutos,espana_urbana
73 años,Hombres,179660,Absolutos,espana_urbana
74 años,Hombres,167374,Absolutos,espana_urbana
75 años,Hombres,170398,Absolutos,espana_urbana
76 años,Hombres,157379,Absolutos,espana_urbana
77 años,Hombres,150565,Absolutos,espana_urbana
78 años,Hombres,125339,Absolutos,espana_urbana
79 años,Hombres,110876,Absolutos,espana_urbana
80 años,Hombres,129392,Absolutos,espana_urbana
81 años,Hombres,79783,Absolutos,espana_urbana
82 años,Hombres,85965,Absolutos,espana_urbana
83 años,Hombres,89702,Absolutos,espana_urbana
84 años,Hombres,88625,Absolutos,espana_urbana
85 años,Hombres,80098,Absolutos,espana_urbana
86 años,Hombres,71461,Absolutos,espana_urbana
87 años,Hombres,64672,Absolutos,espana_urbana
88 años,Hombres,55971,Absolutos,espana_urbana
89 años,Hombres,45592,Absolutos,espana_urbana
90 años,Hombres,37328,Absolutos,espana_urbana
91 años,Hombres,29157,Absolutos,espana_urbana
92 años,Hombres,22880,Absolutos,espana_urbana
93 años,Hombres,16489,Absolutos,espana_urbana
94 años,Hombres,12366,Absolutos,espana_urbana
95 años,Hombres,8684,Absolutos,espana_urbana
96 años,Hombres,6118,Absolutos,espana_urbana
97 años,Hombres,4237,Absolutos,espana_urbana
98 años,Hombres,2692,Absolutos,espana_urbana
99 años,Hombres,1777,Absolutos,espana_urbana
100 y más años,Hombres,3431,Absolutos,espana_urbana
0 años,Mujeres,157483,Absolutos,nacional
1 año,Mujeres,174277,Absolutos,nacional
2 años,Mujeres,183049,Absolutos,nacional
3 años,Mujeres,195979,Absolutos,nacional
4 años,Mujeres,207518,Absolutos,nacional
5 años,Mujeres,213358,Absolutos,nacional
6 años,Mujeres,216189,Absolutos,nacional
7 años,Mujeres,214996,Absolutos,nacional
8 años,Mujeres,227261,Absolutos,nacional
9 años,Mujeres,233401,Absolutos,nacional
10 años,Mujeres,239300,Absolutos,nacional
11 años,Mujeres,242613,Absolutos,nacional
12 años,Mujeres,254262,Absolutos,nacional
13 años,Mujeres,245434,Absolutos,nacional
14 años,Mujeres,244710,Absolutos,nacional
15 años,Mujeres,240799,Absolutos,nacional
16 años,Mujeres,237862,Absolutos,nacional
17 años,Mujeres,235253,Absolutos,nacional
18 años,Mujeres,228123,Absolutos,nacional
19 años,Mujeres,230380,Absolutos,nacional
20 años,Mujeres,233104,Absolutos,nacional
21 años,Mujeres,231729,Absolutos,nacional
22 años,Mujeres,226587,Absolutos,nacional
23 años,Mujeres,234153,Absolutos,nacional
24 años,Mujeres,234626,Absolutos,nacional
25 años,Mujeres,237715,Absolutos,nacional
26 años,Mujeres,243141,Absolutos,nacional
27 años,Mujeres,252863,Absolutos,nacional
28 años,Mujeres,261476,Absolutos,nacional
29 años,Mujeres,260652,Absolutos,nacional
30 años,Mujeres,266348,Absolutos,nacional
31 años,Mujeres,271973,Absolutos,nacional
32 años,Mujeres,278081,Absolutos,nacional
33 años,Mujeres,282217,Absolutos,nacional
34 años,Mujeres,290425,Absolutos,nacional
35 años,Mujeres,299948,Absolutos,nacional
36 años,Mujeres,311245,Absolutos,nacional
37 años,Mujeres,321290,Absolutos,nacional
38 años,Mujeres,338689,Absolutos,nacional
39 años,Mujeres,351977,Absolutos,nacional
40 años,Mujeres,368269,Absolutos,nacional
41 años,Mujeres,378481,Absolutos,nacional
42 años,Mujeres,393378,Absolutos,nacional
43 años,Mujeres,396312,Absolutos,nacional
44 años,Mujeres,404222,Absolutos,nacional
45 años,Mujeres,399814,Absolutos,nacional
46 años,Mujeres,397907,Absolutos,nacional
47 años,Mujeres,387116,Absolutos,nacional
48 años,Mujeres,385974,Absolutos,nacional
49 años,Mujeres,379894,Absolutos,nacional
50 años,Mujeres,375224,Absolutos,nacional
51 años,Mujeres,371896,Absolutos,nacional
52 años,Mujeres,369625,Absolutos,nacional
53 años,Mujeres,372530,Absolutos,nacional
54 años,Mujeres,362957,Absolutos,nacional
55 años,Mujeres,361240,Absolutos,nacional
56 años,Mujeres,365851,Absolutos,nacional
57 años,Mujeres,347611,Absolutos,nacional
58 años,Mujeres,336572,Absolutos,nacional
59 años,Mujeres,328620,Absolutos,nacional
60 años,Mujeres,329515,Absolutos,nacional
61 años,Mujeres,319916,Absolutos,nacional
62 años,Mujeres,312230,Absolutos,nacional
63 años,Mujeres,304854,Absolutos,nacional
64 años,Mujeres,283877,Absolutos,nacional
65 años,Mujeres,275161,Absolutos,nacional
66 años,Mujeres,262725,Absolutos,nacional
67 años,Mujeres,261469,Absolutos,nacional
68 años,Mujeres,258450,Absolutos,nacional
69 años,Mujeres,242480,Absolutos,nacional
70 años,Mujeres,235717,Absolutos,nacional
71 años,Mujeres,244496,Absolutos,nacional
72 años,Mujeres,253851,Absolutos,nacional
73 años,Mujeres,230589,Absolutos,nacional
74 años,Mujeres,219527,Absolutos,nacional
75 años,Mujeres,227212,Absolutos,nacional
76 años,Mujeres,213406,Absolutos,nacional
77 años,Mujeres,207939,Absolutos,nacional
78 años,Mujeres,176093,Absolutos,nacional
79 años,Mujeres,159986,Absolutos,nacional
80 años,Mujeres,193413,Absolutos,nacional
81 años,Mujeres,126277,Absolutos,nacional
82 años,Mujeres,139031,Absolutos,nacional
83 años,Mujeres,150860,Absolutos,nacional
84 años,Mujeres,159249,Absolutos,nacional
85 años,Mujeres,146195,Absolutos,nacional
86 años,Mujeres,136925,Absolutos,nacional
87 años,Mujeres,129527,Absolutos,nacional
88 años,Mujeres,117881,Absolutos,nacional
89 años,Mujeres,99995,Absolutos,nacional
90 años,Mujeres,89652,Absolutos,nacional
91 años,Mujeres,73395,Absolutos,nacional
92 años,Mujeres,61240,Absolutos,nacional
93 años,Mujeres,47473,Absolutos,nacional
94 años,Mujeres,38466,Absolutos,nacional
95 años,Mujeres,28924,Absolutos,nacional
96 años,Mujeres,21844,Absolutos,nacional
97 años,Mujeres,15611,Absolutos,nacional
98 años,Mujeres,11339,Absolutos,nacional
99 años,Mujeres,7349,Absolutos,nacional
100 y más años,Mujeres,14036,Absolutos,nacional
0 años,Mujeres,6289,Absolutos,espana_rural
1 año,Mujeres,7072,Absolutos,espana_rural
2 años,Mujeres,7502,Absolutos,espana_rural
3 años,Mujeres,7894,Absolutos,espana_rural
4 años,Mujeres,8243,Absolutos,espana_rural
5 años,Mujeres,8731,Absolutos,espana_rural
6 años,Mujeres,8610,Absolutos,espana_rural
7 años,Mujeres,8699,Absolutos,espana_rural
8 años,Mujeres,9209,Absolutos,espana_rural
9 años,Mujeres,9667,Absolutos,espana_rural
10 años,Mujeres,9888,Absolutos,espana_rural
11 años,Mujeres,9835,Absolutos,espana_rural
12 años,Mujeres,10437,Absolutos,espana_rural
13 años,Mujeres,10084,Absolutos,espana_rural
14 años,Mujeres,10075,Absolutos,espana_rural
15 años,Mujeres,10211,Absolutos,espana_rural
16 años,Mujeres,9990,Absolutos,espana_rural
17 años,Mujeres,10149,Absolutos,espana_rural
18 años,Mujeres,9781,Absolutos,espana_rural
19 años,Mujeres,10297,Absolutos,espana_rural
20 años,Mujeres,10571,Absolutos,espana_rural
21 años,Mujeres,10713,Absolutos,espana_rural
22 años,Mujeres,10522,Absolutos,espana_rural
23 años,Mujeres,11079,Absolutos,espana_rural
24 años,Mujeres,10832,Absolutos,espana_rural
25 años,Mujeres,11001,Absolutos,espana_rural
26 años,Mujeres,11156,Absolutos,espana_rural
27 años,Mujeres,11587,Absolutos,espana_rural
28 años,Mujeres,11888,Absolutos,espana_rural
29 años,Mujeres,11953,Absolutos,espana_rural
30 años,Mujeres,12142,Absolutos,espana_rural
31 años,Mujeres,12249,Absolutos,espana_rural
32 años,Mujeres,12586,Absolutos,espana_rural
33 años,Mujeres,12623,Absolutos,espana_rural
34 años,Mujeres,12887,Absolutos,espana_rural
35 años,Mujeres,13109,Absolutos,espana_rural
36 años,Mujeres,13506,Absolutos,espana_rural
37 años,Mujeres,13855,Absolutos,espana_rural
38 años,Mujeres,14424,Absolutos,espana_rural
39 años,Mujeres,15096,Absolutos,espana_rural
40 años,Mujeres,15809,Absolutos,espana_rural
41 años,Mujeres,16138,Absolutos,espana_rural
42 años,Mujeres,16990,Absolutos,espana_rural
43 años,Mujeres,16866,Absolutos,espana_rural
44 años,Mujeres,17688,Absolutos,espana_rural
45 años,Mujeres,17777,Absolutos,espana_rural
46 años,Mujeres,17629,Absolutos,espana_rural
47 años,Mujeres,17768,Absolutos,espana_rural
48 años,Mujeres,17819,Absolutos,espana_rural
49 años,Mujeres,18199,Absolutos,espana_rural
50 años,Mujeres,18531,Absolutos,espana_rural
51 años,Mujeres,18987,Absolutos,espana_rural
52 años,Mujeres,19418,Absolutos,espana_rural
53 años,Mujeres,19687,Absolutos,espana_rural
54 años,Mujeres,20011,Absolutos,espana_rural
55 años,Mujeres,20095,Absolutos,espana_rural
56 años,Mujeres,20987,Absolutos,espana_rural
57 años,Mujeres,20255,Absolutos,espana_rural
58 años,Mujeres,19747,Absolutos,espana_rural
59 años,Mujeres,20025,Absolutos,espana_rural
60 años,Mujeres,19951,Absolutos,espana_rural
61 años,Mujeres,19034,Absolutos,espana_rural
62 años,Mujeres,18348,Absolutos,espana_rural
63 años,Mujeres,17998,Absolutos,espana_rural
64 años,Mujeres,16824,Absolutos,espana_rural
65 años,Mujeres,15946,Absolutos,espana_rural
66 años,Mujeres,15606,Absolutos,espana_rural
67 años,Mujeres,15480,Absolutos,espana_rural
68 años,Mujeres,15689,Absolutos,espana_rural
69 años,Mujeres,14911,Absolutos,espana_rural
70 años,Mujeres,14782,Absolutos,espana_rural
71 años,Mujeres,15501,Absolutos,espana_rural
72 años,Mujeres,16333,Absolutos,espana_rural
73 años,Mujeres,15170,Absolutos,espana_rural
74 años,Mujeres,14604,Absolutos,espana_rural
75 años,Mujeres,15728,Absolutos,espana_rural
76 años,Mujeres,14880,Absolutos,espana_rural
77 años,Mujeres,15354,Absolutos,espana_rural
78 años,Mujeres,13641,Absolutos,espana_rural
79 años,Mujeres,12932,Absolutos,espana_rural
80 años,Mujeres,15727,Absolutos,espana_rural
81 años,Mujeres,10049,Absolutos,espana_rural
82 años,Mujeres,11402,Absolutos,espana_rural
83 años,Mujeres,13370,Absolutos,espana_rural
84 años,Mujeres,15215,Absolutos,espana_rural
85 años,Mujeres,14003,Absolutos,espana_rural
86 años,Mujeres,13402,Absolutos,espana_rural
87 años,Mujeres,13097,Absolutos,espana_rural
88 años,Mujeres,11875,Absolutos,espana_rural
89 años,Mujeres,10364,Absolutos,espana_rural
90 años,Mujeres,9424,Absolutos,espana_rural
91 años,Mujeres,7837,Absolutos,espana_rural
92 años,Mujeres,6690,Absolutos,espana_rural
93 años,Mujeres,4936,Absolutos,espana_rural
94 años,Mujeres,4359,Absolutos,espana_rural
95 años,Mujeres,3216,Absolutos,espana_rural
96 años,Mujeres,2398,Absolutos,espana_rural
97 años,Mujeres,1829,Absolutos,espana_rural
98 años,Mujeres,1299,Absolutos,espana_rural
99 años,Mujeres,903,Absolutos,espana_rural
100 y más años,Mujeres,1653,Absolutos,espana_rural
0 años,Mujeres,151194,Absolutos,espana_urbana
1 año,Mujeres,167205,Absolutos,espana_urbana
2 años,Mujeres,175547,Absolutos,espana_urbana
3 años,Mujeres,188085,Absolutos,espana_urbana
4 años,Mujeres,199275,Absolutos,espana_urbana
5 años,Mujeres,204627,Absolutos,espana_urbana
6 años,Mujeres,207579,Absolutos,espana_urbana
7 años,Mujeres,206297,Absolutos,espana_urbana
8 años,Mujeres,218052,Absolutos,espana_urbana
9 años,Mujeres,223734,Absolutos,espana_urbana
10 años,Mujeres,229412,Absolutos,espana_urbana
11 años,Mujeres,232778,Absolutos,espana_urbana
12 años,Mujeres,243825,Absolutos,espana_urbana
13 años,Mujeres,235350,Absolutos,espana_urbana
14 años,Mujeres,234635,Absolutos,espana_urbana
15 años,Mujeres,230588,Absolutos,espana_urbana
16 años,Mujeres,227872,Absolutos,espana_urbana
17 años,Mujeres,225104,Absolutos,espana_urbana
18 años,Mujeres,218342,Absolutos,espana_urbana
19 años,Mujeres,220083,Absolutos,espana_urbana
20 años,Mujeres,222533,Absolutos,espana_urbana
21 años,Mujeres,221016,Absolutos,espana_urbana
22 años,Mujeres,216065,Absolutos,espana_urbana
23 años,Mujeres,223074,Absolutos,espana_urbana
24 años,Mujeres,223794,Absolutos,espana_urbana
25 años,Mujeres,226714,Absolutos,espana_urbana
26 años,Mujeres,231985,Absolutos,espana_urbana
27 años,Mujeres,241276,Absolutos,espana_urbana
28 años,Mujeres,249588,Absolutos,espana_urbana
29 años,Mujeres,248699,Absolutos,espana_urbana
30 años,Mujeres,254206,Absolutos,espana_urbana
31 años,Mujeres,259724,Absolutos,espana_urbana
32 años,Mujeres,265495,Absolutos,espana_urbana
33 años,Mujeres,269594,Absolutos,espana_urbana
34 años,Mujeres,277538,Absolutos,espana_urbana
35 años,Mujeres,286839,Absolutos,espana_urbana
36 años,Mujeres,297739,Absolutos,espana_urbana
37 años,Mujeres,307435,Absolutos,espana_urbana
38 años,Mujeres,324265,Absolutos,espana_urbana
39 años,Mujeres,336881,Absolutos,espana_urbana
40 años,Mujeres,352460,Absolutos,espana_urbana
41 años,Mujeres,362343,Absolutos,espana_urbana
42 años,Mujeres,376388,Absolutos,espana_urbana
43 años,Mujeres,379446,Absolutos,espana_urbana
44 años,Mujeres,386534,Absolutos,espana_urbana
45 años,Mujeres,382037,Absolutos,espana_urbana
46 años,Mujeres,380278,Absolutos,espana_urbana
47 años,Mujeres,369348,Absolutos,espana_urbana
48 años,Mujeres,368155,Absolutos,espana_urbana
49 años,Mujeres,361695,Absolutos,espana_urbana
50 años,Mujeres,356693,Absolutos,espana_urbana
51 años,Mujeres,352909,Absolutos,espana_urbana
52 años,Mujeres,350207,Absolutos,espana_urbana
53 años,Mujeres,352843,Absolutos,espana_urbana
54 años,Mujeres,342946,Absolutos,espana_urbana
55 años,Mujeres,341145,Absolutos,espana_urbana
56 años,Mujeres,344864,Absolutos,espana_urbana
57 años,Mujeres,327356,Absolutos,espana_urbana
58 años,Mujeres,316825,Absolutos,espana_urbana
59 años,Mujeres,308595,Absolutos,espana_urbana
60 años,Mujeres,309564,Absolutos,espana_urbana
61 años,Mujeres,300882,Absolutos,espana_urbana
62 años,Mujeres,293882,Absolutos,espana_urbana
63 años,Mujeres,286856,Absolutos,espana_urbana
64 años,Mujeres,267053,Absolutos,espana_urbana
65 años,Mujeres,259215,Absolutos,espana_urbana
66 años,Mujeres,247119,Absolutos,espana_urbana
67 años,Mujeres,245989,Absolutos,espana_urbana
68 años,Mujeres,242761,Absolutos,espana_urbana
69 años,Mujeres,227569,Absolutos,espana_urbana
70 años,Mujeres,220935,Absolutos,espana_urbana
71 años,Mujeres,228995,Absolutos,espana_urbana
72 años,Mujeres,237518,Absolutos,espana_urbana
73 años,Mujeres,215419,Absolutos,espana_urbana
74 años,Mujeres,204923,Absolutos,espana_urbana
75 años,Mujeres,211484,Absolutos,espana_urbana
76 años,Mujeres,198526,Absolutos,espana_urbana
77 años,Mujeres,192585,Absolutos,espana_urbana
78 años,Mujeres,162452,Absolutos,espana_urbana
79 años,Mujeres,147054,Absolutos,espana_urbana
80 años,Mujeres,177686,Absolutos,espana_urbana
81 años,Mujeres,116228,Absolutos,espana_urbana
82 años,Mujeres,127629,Absolutos,espana_urbana
83 años,Mujeres,137490,Absolutos,espana_urbana
84 años,Mujeres,144034,Absolutos,espana_urbana
85 años,Mujeres,132192,Absolutos,espana_urbana
86 años,Mujeres,123523,Absolutos,espana_urbana
87 años,Mujeres,116430,Absolutos,espana_urbana
88 años,Mujeres,106006,Absolutos,espana_urbana
89 años,Mujeres,89631,Absolutos,espana_urbana
90 años,Mujeres,80228,Absolutos,espana_urbana
91 años,Mujeres,65558,Absolutos,espana_urbana
92 años,Mujeres,54550,Absolutos,espana_urbana
93 años,Mujeres,42537,Absolutos,espana_urbana
94 años,Mujeres,34107,Absolutos,espana_urbana
95 años,Mujeres,25708,Absolutos,espana_urbana
96 años,Mujeres,19446,Absolutos,espana_urbana
97 años,Mujeres,13782,Absolutos,espana_urbana
98 años,Mujeres,10040,Absolutos,espana_urbana
99 años,Mujeres,6446,Absolutos,espana_urbana
100 y más años,Mujeres,12383,Absolutos,espana_urbana
0 años,Hombres,0.35,Porcentajes,nacional
1 año,Hombres,0.39,Porcentajes,nacional
2 años,Hombres,0.41,Porcentajes,nacional
3 años,Hombres,0.44,Porcentajes,nacional
4 años,Hombres,0.46,Porcentajes,nacional
5 años,Hombres,0.48,Porcentajes,nacional
6 años,Hombres,0.49,Porcentajes,nacional
7 años,Hombres,0.48,Porcentajes,nacional
8 años,Hombres,0.51,Porcentajes,nacional
9 años,Hombres,0.52,Porcentajes,nacional
10 años,Hombres,0.53,Porcentajes,nacional
11 años,Hombres,0.55,Porcentajes,nacional
12 años,Hombres,0.57,Porcentajes,nacional
13 años,Hombres,0.55,Porcentajes,nacional
14 años,Hombres,0.55,Porcentajes,nacional
15 años,Hombres,0.53,Porcentajes,nacional
16 años,Hombres,0.53,Porcentajes,nacional
17 años,Hombres,0.53,Porcentajes,nacional
18 años,Hombres,0.52,Porcentajes,nacional
19 años,Hombres,0.52,Porcentajes,nacional
20 años,Hombres,0.53,Porcentajes,nacional
21 años,Hombres,0.52,Porcentajes,nacional
22 años,Hombres,0.51,Porcentajes,nacional
23 años,Hombres,0.52,Porcentajes,nacional
24 años,Hombres,0.51,Porcentajes,nacional
25 años,Hombres,0.52,Porcentajes,nacional
26 años,Hombres,0.53,Porcentajes,nacional
27 años,Hombres,0.55,Porcentajes,nacional
28 años,Hombres,0.56,Porcentajes,nacional
29 años,Hombres,0.56,Porcentajes,nacional
30 años,Hombres,0.57,Porcentajes,nacional
31 años,Hombres,0.58,Porcentajes,nacional
32 años,Hombres,0.59,Porcentajes,nacional
33 años,Hombres,0.60,Porcentajes,nacional
34 años,Hombres,0.61,Porcentajes,nacional
35 años,Hombres,0.63,Porcentajes,nacional
36 años,Hombres,0.66,Porcentajes,nacional
37 años,Hombres,0.68,Porcentajes,nacional
38 años,Hombres,0.72,Porcentajes,nacional
39 años,Hombres,0.75,Porcentajes,nacional
40 años,Hombres,0.79,Porcentajes,nacional
41 años,Hombres,0.81,Porcentajes,nacional
42 años,Hombres,0.85,Porcentajes,nacional
43 años,Hombres,0.86,Porcentajes,nacional
44 años,Hombres,0.87,Porcentajes,nacional
45 años,Hombres,0.87,Porcentajes,nacional
46 años,Hombres,0.86,Porcentajes,nacional
47 años,Hombres,0.84,Porcentajes,nacional
48 años,Hombres,0.83,Porcentajes,nacional
49 años,Hombres,0.81,Porcentajes,nacional
50 años,Hombres,0.80,Porcentajes,nacional
51 años,Hombres,0.79,Porcentajes,nacional
52 años,Hombres,0.78,Porcentajes,nacional
53 años,Hombres,0.78,Porcentajes,nacional
54 años,Hombres,0.76,Porcentajes,nacional
55 años,Hombres,0.74,Porcentajes,nacional
56 años,Hombres,0.75,Porcentajes,nacional
57 años,Hombres,0.71,Porcentajes,nacional
58 años,Hombres,0.68,Porcentajes,nacional
59 años,Hombres,0.66,Porcentajes,nacional
60 años,Hombres,0.66,Porcentajes,nacional
61 años,Hombres,0.64,Porcentajes,nacional
62 años,Hombres,0.62,Porcentajes,nacional
63 años,Hombres,0.60,Porcentajes,nacional
64 años,Hombres,0.55,Porcentajes,nacional
65 años,Hombres,0.53,Porcentajes,nacional
66 años,Hombres,0.50,Porcentajes,nacional
67 años,Hombres,0.50,Porcentajes,nacional
68 años,Hombres,0.50,Porcentajes,nacional
69 años,Hombres,0.46,Porcentajes,nacional
70 años,Hombres,0.44,Porcentajes,nacional
71 años,Hombres,0.45,Porcentajes,nacional
72 años,Hombres,0.46,Porcentajes,nacional
73 años,Hombres,0.41,Porcentajes,nacional
74 años,Hombres,0.38,Porcentajes,nacional
75 años,Hombres,0.39,Porcentajes,nacional
76 años,Hombres,0.36,Porcentajes,nacional
77 años,Hombres,0.35,Porcentajes,nacional
78 años,Hombres,0.29,Porcentajes,nacional
79 años,Hombres,0.26,Porcentajes,nacional
80 años,Hombres,0.30,Porcentajes,nacional
81 años,Hombres,0.19,Porcentajes,nacional
82 años,Hombres,0.20,Porcentajes,nacional
83 años,Hombres,0.21,Porcentajes,nacional
84 años,Hombres,0.21,Porcentajes,nacional
85 años,Hombres,0.19,Porcentajes,nacional
86 años,Hombres,0.17,Porcentajes,nacional
87 años,Hombres,0.15,Porcentajes,nacional
88 años,Hombres,0.13,Porcentajes,nacional
89 años,Hombres,0.11,Porcentajes,nacional
90 años,Hombres,0.09,Porcentajes,nacional
91 años,Hombres,0.07,Porcentajes,nacional
92 años,Hombres,0.06,Porcentajes,nacional
93 años,Hombres,0.04,Porcentajes,nacional
94 años,Hombres,0.03,Porcentajes,nacional
95 años,Hombres,0.02,Porcentajes,nacional
96 años,Hombres,0.02,Porcentajes,nacional
97 años,Hombres,0.01,Porcentajes,nacional
98 años,Hombres,0.01,Porcentajes,nacional
99 años,Hombres,0.00,Porcentajes,nacional
100 y más años,Hombres,0.01,Porcentajes,nacional
0 años,Hombres,0.25,Porcentajes,espana_rural
1 año,Hombres,0.28,Porcentajes,espana_rural
2 años,Hombres,0.29,Porcentajes,espana_rural
3 años,Hombres,0.31,Porcentajes,espana_rural
4 años,Hombres,0.32,Porcentajes,espana_rural
5 años,Hombres,0.34,Porcentajes,espana_rural
6 años,Hombres,0.34,Porcentajes,espana_rural
7 años,Hombres,0.34,Porcentajes,espana_rural
8 años,Hombres,0.37,Porcentajes,espana_rural
9 años,Hombres,0.37,Porcentajes,espana_rural
10 años,Hombres,0.38,Porcentajes,espana_rural
11 años,Hombres,0.39,Porcentajes,espana_rural
12 años,Hombres,0.41,Porcentajes,espana_rural
13 años,Hombres,0.40,Porcentajes,espana_rural
14 años,Hombres,0.40,Porcentajes,espana_rural
15 años,Hombres,0.40,Porcentajes,espana_rural
16 años,Hombres,0.40,Porcentajes,espana_rural
17 años,Hombres,0.40,Porcentajes,espana_rural
18 años,Hombres,0.41,Porcentajes,espana_rural
19 años,Hombres,0.42,Porcentajes,espana_rural
20 años,Hombres,0.44,Porcentajes,espana_rural
21 años,Hombres,0.43,Porcentajes,espana_rural
22 años,Hombres,0.44,Porcentajes,espana_rural
23 años,Hombres,0.46,Porcentajes,espana_rural
24 años,Hombres,0.45,Porcentajes,espana_rural
25 años,Hombres,0.46,Porcentajes,espana_rural
26 años,Hombres,0.47,Porcentajes,espana_rural
27 años,Hombres,0.49,Porcentajes,espana_rural
28 años,Hombres,0.51,Porcentajes,espana_rural
29 años,Hombres,0.51,Porcentajes,espana_rural
30 años,Hombres,0.53,Porcentajes,espana_rural
31 años,Hombres,0.54,Porcentajes,espana_rural
32 años,Hombres,0.55,Porcentajes,espana_rural
33 años,Hombres,0.55,Porcentajes,espana_rural
34 años,Hombres,0.57,Porcentajes,espana_rural
35 años,Hombres,0.56,Porcentajes,espana_rural
36 años,Hombres,0.60,Porcentajes,espana_rural
37 años,Hombres,0.61,Porcentajes,espana_rural
38 años,Hombres,0.65,Porcentajes,espana_rural
39 años,Hombres,0.68,Porcentajes,espana_rural
40 años,Hombres,0.72,Porcentajes,espana_rural
41 años,Hombres,0.72,Porcentajes,espana_rural
42 años,Hombres,0.76,Porcentajes,espana_rural
43 años,Hombres,0.78,Porcentajes,espana_rural
44 años,Hombres,0.81,Porcentajes,espana_rural
45 años,Hombres,0.80,Porcentajes,espana_rural
46 años,Hombres,0.80,Porcentajes,espana_rural
47 años,Hombres,0.81,Porcentajes,espana_rural
48 años,Hombres,0.82,Porcentajes,espana_rural
49 años,Hombres,0.82,Porcentajes,espana_rural
50 años,Hombres,0.83,Porcentajes,espana_rural
51 años,Hombres,0.86,Porcentajes,espana_rural
52 años,Hombres,0.87,Porcentajes,espana_rural
53 años,Hombres,0.90,Porcentajes,espana_rural
54 años,Hombres,0.89,Porcentajes,espana_rural
55 años,Hombres,0.90,Porcentajes,espana_rural
56 años,Hombres,0.93,Porcentajes,espana_rural
57 años,Hombres,0.92,Porcentajes,espana_rural
58 años,Hombres,0.90,Porcentajes,espana_rural
59 años,Hombres,0.91,Porcentajes,espana_rural
60 años,Hombres,0.90,Porcentajes,espana_rural
61 años,Hombres,0.89,Porcentajes,espana_rural
62 años,Hombres,0.86,Porcentajes,espana_rural
63 años,Hombres,0.82,Porcentajes,espana_rural
64 años,Hombres,0.76,Porcentajes,espana_rural
65 años,Hombres,0.74,Porcentajes,espana_rural
66 años,Hombres,0.70,Porcentajes,espana_rural
67 años,Hombres,0.71,Porcentajes,espana_rural
68 años,Hombres,0.70,Porcentajes,espana_rural
69 años,Hombres,0.64,Porcentajes,espana_rural
70 años,Hombres,0.63,Porcentajes,espana_rural
71 años,Hombres,0.63,Porcentajes,espana_rural
72 años,Hombres,0.65,Porcentajes,espana_rural
73 años,Hombres,0.59,Porcentajes,espana_rural
74 años,Hombres,0.55,Porcentajes,espana_rural
75 años,Hombres,0.57,Porcentajes,espana_rural
76 años,Hombres,0.55,Porcentajes,espana_rural
77 años,Hombres,0.53,Porcentajes,espana_rural
78 años,Hombres,0.46,Porcentajes,espana_rural
79 años,Hombres,0.42,Porcentajes,espana_rural
80 años,Hombres,0.49,Porcentajes,espana_rural
81 años,Hombres,0.30,Porcentajes,espana_rural
82 años,Hombres,0.34,Porcentajes,espana_rural
83 años,Hombres,0.38,Porcentajes,espana_rural
84 años,Hombres,0.42,Porcentajes,espana_rural
85 años,Hombres,0.37,Porcentajes,espana_rural
86 años,Hombres,0.35,Porcentajes,espana_rural
87 años,Hombres,0.32,Porcentajes,espana_rural
88 años,Hombres,0.30,Porcentajes,espana_rural
89 años,Hombres,0.25,Porcentajes,espana_rural
90 años,Hombres,0.21,Porcentajes,espana_rural
91 años,Hombres,0.16,Porcentajes,espana_rural
92 años,Hombres,0.13,Porcentajes,espana_rural
93 años,Hombres,0.10,Porcentajes,espana_rural
94 años,Hombres,0.08,Porcentajes,espana_rural
95 años,Hombres,0.05,Porcentajes,espana_rural
96 años,Hombres,0.04,Porcentajes,espana_rural
97 años,Hombres,0.03,Porcentajes,espana_rural
98 años,Hombres,0.02,Porcentajes,espana_rural
99 años,Hombres,0.01,Porcentajes,espana_rural
100 y más años,Hombres,0.02,Porcentajes,espana_rural
0 años,Hombres,0.35,Porcentajes,espana_urbana
1 año,Hombres,0.40,Porcentajes,espana_urbana
2 años,Hombres,0.41,Porcentajes,espana_urbana
3 años,Hombres,0.45,Porcentajes,espana_urbana
4 años,Hombres,0.47,Porcentajes,espana_urbana
5 años,Hombres,0.48,Porcentajes,espana_urbana
6 años,Hombres,0.49,Porcentajes,espana_urbana
7 años,Hombres,0.49,Porcentajes,espana_urbana
8 años,Hombres,0.52,Porcentajes,espana_urbana
9 años,Hombres,0.53,Porcentajes,espana_urbana
10 años,Hombres,0.54,Porcentajes,espana_urbana
11 años,Hombres,0.55,Porcentajes,espana_urbana
12 años,Hombres,0.58,Porcentajes,espana_urbana
13 años,Hombres,0.56,Porcentajes,espana_urbana
14 años,Hombres,0.55,Porcentajes,espana_urbana
15 años,Hombres,0.54,Porcentajes,espana_urbana
16 años,Hombres,0.54,Porcentajes,espana_urbana
17 años,Hombres,0.53,Porcentajes,espana_urbana
18 años,Hombres,0.52,Porcentajes,espana_urbana
19 años,Hombres,0.53,Porcentajes,espana_urbana
20 años,Hombres,0.53,Porcentajes,espana_urbana
21 años,Hombres,0.52,Porcentajes,espana_urbana
22 años,Hombres,0.51,Porcentajes,espana_urbana
23 años,Hombres,0.52,Porcentajes,espana_urbana
24 años,Hombres,0.52,Porcentajes,espana_urbana
25 años,Hombres,0.52,Porcentajes,espana_urbana
26 años,Hombres,0.53,Porcentajes,espana_urbana
27 años,Hombres,0.55,Porcentajes,espana_urbana
28 años,Hombres,0.57,Porcentajes,espana_urbana
29 años,Hombres,0.57,Porcentajes,espana_urbana
30 años,Hombres,0.57,Porcentajes,espana_urbana
31 años,Hombres,0.58,Porcentajes,espana_urbana
32 años,Hombres,0.59,Porcentajes,espana_urbana
33 años,Hombres,0.60,Porcentajes,espana_urbana
34 años,Hombres,0.61,Porcentajes,espana_urbana
35 años,Hombres,0.63,Porcentajes,espana_urbana
36 años,Hombres,0.66,Porcentajes,espana_urbana
37 años,Hombres,0.68,Porcentajes,espana_urbana
38 años,Hombres,0.72,Porcentajes,espana_urbana
39 años,Hombres,0.76,Porcentajes,espana_urbana
40 años,Hombres,0.79,Porcentajes,espana_urbana
41 años,Hombres,0.82,Porcentajes,espana_urbana
42 años,Hombres,0.85,Porcentajes,espana_urbana
43 años,Hombres,0.87,Porcentajes,espana_urbana
44 años,Hombres,0.88,Porcentajes,espana_urbana
45 años,Hombres,0.87,Porcentajes,espana_urbana
46 años,Hombres,0.86,Porcentajes,espana_urbana
47 años,Hombres,0.84,Porcentajes,espana_urbana
48 años,Hombres,0.83,Porcentajes,espana_urbana
49 años,Hombres,0.81,Porcentajes,espana_urbana
50 años,Hombres,0.80,Porcentajes,espana_urbana
51 años,Hombres,0.78,Porcentajes,espana_urbana
52 años,Hombres,0.77,Porcentajes,espana_urbana
53 años,Hombres,0.77,Porcentajes,espana_urbana
54 años,Hombres,0.75,Porcentajes,espana_urbana
55 años,Hombres,0.74,Porcentajes,espana_urbana
56 años,Hombres,0.74,Porcentajes,espana_urbana
57 años,Hombres,0.70,Porcentajes,espana_urbana
58 años,Hombres,0.67,Porcentajes,espana_urbana
59 años,Hombres,0.65,Porcentajes,espana_urbana
60 años,Hombres,0.65,Porcentajes,espana_urbana
61 años,Hombres,0.62,Porcentajes,espana_urbana
62 años,Hombres,0.61,Porcentajes,espana_urbana
63 años,Hombres,0.59,Porcentajes,espana_urbana
64 años,Hombres,0.54,Porcentajes,espana_urbana
65 años,Hombres,0.52,Porcentajes,espana_urbana
66 años,Hombres,0.49,Porcentajes,espana_urbana
67 años,Hombres,0.49,Porcentajes,espana_urbana
68 años,Hombres,0.48,Porcentajes,espana_urbana
69 años,Hombres,0.45,Porcentajes,espana_urbana
70 años,Hombres,0.43,Porcentajes,espana_urbana
71 años,Hombres,0.44,Porcentajes,espana_urbana
72 años,Hombres,0.45,Porcentajes,espana_urbana
73 años,Hombres,0.40,Porcentajes,espana_urbana
74 años,Hombres,0.37,Porcentajes,espana_urbana
75 años,Hombres,0.38,Porcentajes,espana_urbana
76 años,Hombres,0.35,Porcentajes,espana_urbana
77 años,Hombres,0.34,Porcentajes,espana_urbana
78 años,Hombres,0.28,Porcentajes,espana_urbana
79 años,Hombres,0.25,Porcentajes,espana_urbana
80 años,Hombres,0.29,Porcentajes,espana_urbana
81 años,Hombres,0.18,Porcentajes,espana_urbana
82 años,Hombres,0.19,Porcentajes,espana_urbana
83 años,Hombres,0.20,Porcentajes,espana_urbana
84 años,Hombres,0.20,Porcentajes,espana_urbana
85 años,Hombres,0.18,Porcentajes,espana_urbana
86 años,Hombres,0.16,Porcentajes,espana_urbana
87 años,Hombres,0.14,Porcentajes,espana_urbana
88 años,Hombres,0.13,Porcentajes,espana_urbana
89 años,Hombres,0.10,Porcentajes,espana_urbana
90 años,Hombres,0.08,Porcentajes,espana_urbana
91 años,Hombres,0.07,Porcentajes,espana_urbana
92 años,Hombres,0.05,Porcentajes,espana_urbana
93 años,Hombres,0.04,Porcentajes,espana_urbana
94 años,Hombres,0.03,Porcentajes,espana_urbana
95 años,Hombres,0.02,Porcentajes,espana_urbana
96 años,Hombres,0.01,Porcentajes,espana_urbana
97 años,Hombres,0.01,Porcentajes,espana_urbana
98 años,Hombres,0.01,Porcentajes,espana_urbana
99 años,Hombres,0.00,Porcentajes,espana_urbana
100 y más años,Hombres,0.01,Porcentajes,espana_urbana
0 años,Mujeres,0.33,Porcentajes,nacional
1 año,Mujeres,0.37,Porcentajes,nacional
2 años,Mujeres,0.39,Porcentajes,nacional
3 años,Mujeres,0.41,Porcentajes,nacional
4 años,Mujeres,0.44,Porcentajes,nacional
5 años,Mujeres,0.45,Porcentajes,nacional
6 años,Mujeres,0.46,Porcentajes,nacional
7 años,Mujeres,0.45,Porcentajes,nacional
8 años,Mujeres,0.48,Porcentajes,nacional
9 años,Mujeres,0.49,Porcentajes,nacional
10 años,Mujeres,0.51,Porcentajes,nacional
11 años,Mujeres,0.51,Porcentajes,nacional
12 años,Mujeres,0.54,Porcentajes,nacional
13 años,Mujeres,0.52,Porcentajes,nacional
14 años,Mujeres,0.52,Porcentajes,nacional
15 años,Mujeres,0.51,Porcentajes,nacional
16 años,Mujeres,0.50,Porcentajes,nacional
17 años,Mujeres,0.50,Porcentajes,nacional
18 años,Mujeres,0.48,Porcentajes,nacional
19 años,Mujeres,0.49,Porcentajes,nacional
20 años,Mujeres,0.49,Porcentajes,nacional
21 años,Mujeres,0.49,Porcentajes,nacional
22 años,Mujeres,0.48,Porcentajes,nacional
23 años,Mujeres,0.49,Porcentajes,nacional
24 años,Mujeres,0.50,Porcentajes,nacional
25 años,Mujeres,0.50,Porcentajes,nacional
26 años,Mujeres,0.51,Porcentajes,nacional
27 años,Mujeres,0.53,Porcentajes,nacional
28 años,Mujeres,0.55,Porcentajes,nacional
29 años,Mujeres,0.55,Porcentajes,nacional
30 años,Mujeres,0.56,Porcentajes,nacional
31 años,Mujeres,0.57,Porcentajes,nacional
32 años,Mujeres,0.59,Porcentajes,nacional
33 años,Mujeres,0.60,Porcentajes,nacional
34 años,Mujeres,0.61,Porcentajes,nacional
35 años,Mujeres,0.63,Porcentajes,nacional
36 años,Mujeres,0.66,Porcentajes,nacional
37 años,Mujeres,0.68,Porcentajes,nacional
38 años,Mujeres,0.71,Porcentajes,nacional
39 años,Mujeres,0.74,Porcentajes,nacional
40 años,Mujeres,0.78,Porcentajes,nacional
41 años,Mujeres,0.80,Porcentajes,nacional
42 años,Mujeres,0.83,Porcentajes,nacional
43 años,Mujeres,0.84,Porcentajes,nacional
44 años,Mujeres,0.85,Porcentajes,nacional
45 años,Mujeres,0.84,Porcentajes,nacional
46 años,Mujeres,0.84,Porcentajes,nacional
47 años,Mujeres,0.82,Porcentajes,nacional
48 años,Mujeres,0.81,Porcentajes,nacional
49 años,Mujeres,0.80,Porcentajes,nacional
50 años,Mujeres,0.79,Porcentajes,nacional
51 años,Mujeres,0.78,Porcentajes,nacional
52 años,Mujeres,0.78,Porcentajes,nacional
53 años,Mujeres,0.79,Porcentajes,nacional
54 años,Mujeres,0.77,Porcentajes,nacional
55 años,Mujeres,0.76,Porcentajes,nacional
56 años,Mujeres,0.77,Porcentajes,nacional
57 años,Mujeres,0.73,Porcentajes,nacional
58 años,Mujeres,0.71,Porcentajes,nacional
59 años,Mujeres,0.69,Porcentajes,nacional
60 años,Mujeres,0.70,Porcentajes,nacional
61 años,Mujeres,0.68,Porcentajes,nacional
62 años,Mujeres,0.66,Porcentajes,nacional
63 años,Mujeres,0.64,Porcentajes,nacional
64 años,Mujeres,0.60,Porcentajes,nacional
65 años,Mujeres,0.58,Porcentajes,nacional
66 años,Mujeres,0.55,Porcentajes,nacional
67 años,Mujeres,0.55,Porcentajes,nacional
68 años,Mujeres,0.55,Porcentajes,nacional
69 años,Mujeres,0.51,Porcentajes,nacional
70 años,Mujeres,0.50,Porcentajes,nacional
71 años,Mujeres,0.52,Porcentajes,nacional
72 años,Mujeres,0.54,Porcentajes,nacional
73 años,Mujeres,0.49,Porcentajes,nacional
74 años,Mujeres,0.46,Porcentajes,nacional
75 años,Mujeres,0.48,Porcentajes,nacional
76 años,Mujeres,0.45,Porcentajes,nacional
77 años,Mujeres,0.44,Porcentajes,nacional
78 años,Mujeres,0.37,Porcentajes,nacional
79 años,Mujeres,0.34,Porcentajes,nacional
80 años,Mujeres,0.41,Porcentajes,nacional
81 años,Mujeres,0.27,Porcentajes,nacional
82 años,Mujeres,0.29,Porcentajes,nacional
83 años,Mujeres,0.32,Porcentajes,nacional
84 años,Mujeres,0.34,Porcentajes,nacional
85 años,Mujeres,0.31,Porcentajes,nacional
86 años,Mujeres,0.29,Porcentajes,nacional
87 años,Mujeres,0.27,Porcentajes,nacional
88 años,Mujeres,0.25,Porcentajes,nacional
89 años,Mujeres,0.21,Porcentajes,nacional
90 años,Mujeres,0.19,Porcentajes,nacional
91 años,Mujeres,0.15,Porcentajes,nacional
92 años,Mujeres,0.13,Porcentajes,nacional
93 años,Mujeres,0.10,Porcentajes,nacional
94 años,Mujeres,0.08,Porcentajes,nacional
95 años,Mujeres,0.06,Porcentajes,nacional
96 años,Mujeres,0.05,Porcentajes,nacional
97 años,Mujeres,0.03,Porcentajes,nacional
98 años,Mujeres,0.02,Porcentajes,nacional
99 años,Mujeres,0.02,Porcentajes,nacional
100 y más años,Mujeres,0.03,Porcentajes,nacional
0 años,Mujeres,0.23,Porcentajes,espana_rural
1 año,Mujeres,0.26,Porcentajes,espana_rural
2 años,Mujeres,0.28,Porcentajes,espana_rural
3 años,Mujeres,0.29,Porcentajes,espana_rural
4 años,Mujeres,0.31,Porcentajes,espana_rural
5 años,Mujeres,0.32,Porcentajes,espana_rural
6 años,Mujeres,0.32,Porcentajes,espana_rural
7 años,Mujeres,0.32,Porcentajes,espana_rural
8 años,Mujeres,0.34,Porcentajes,espana_rural
9 años,Mujeres,0.36,Porcentajes,espana_rural
10 años,Mujeres,0.37,Porcentajes,espana_rural
11 años,Mujeres,0.37,Porcentajes,espana_rural
12 años,Mujeres,0.39,Porcentajes,espana_rural
13 años,Mujeres,0.37,Porcentajes,espana_rural
14 años,Mujeres,0.37,Porcentajes,espana_rural
15 años,Mujeres,0.38,Porcentajes,espana_rural
16 años,Mujeres,0.37,Porcentajes,espana_rural
17 años,Mujeres,0.38,Porcentajes,espana_rural
18 años,Mujeres,0.36,Porcentajes,espana_rural
19 años,Mujeres,0.38,Porcentajes,espana_rural
20 años,Mujeres,0.39,Porcentajes,espana_rural
21 años,Mujeres,0.40,Porcentajes,espana_rural
22 años,Mujeres,0.39,Porcentajes,espana_rural
23 años,Mujeres,0.41,Porcentajes,espana_rural
24 años,Mujeres,0.40,Porcentajes,espana_rural
25 años,Mujeres,0.41,Porcentajes,espana_rural
26 años,Mujeres,0.41,Porcentajes,espana_rural
27 años,Mujeres,0.43,Porcentajes,espana_rural
28 años,Mujeres,0.44,Porcentajes,espana_rural
29 años,Mujeres,0.44,Porcentajes,espana_rural
30 años,Mujeres,0.45,Porcentajes,espana_rural
31 años,Mujeres,0.46,Porcentajes,espana_rural
32 años,Mujeres,0.47,Porcentajes,espana_rural
33 años,Mujeres,0.47,Porcentajes,espana_rural
34 años,Mujeres,0.48,Porcentajes,espana_rural
35 años,Mujeres,0.49,Porcentajes,espana_rural
36 años,Mujeres,0.50,Porcentajes,espana_rural
37 años,Mujeres,0.51,Porcentajes,espana_rural
38 años,Mujeres,0.54,Porcentajes,espana_rural
39 años,Mujeres,0.56,Porcentajes,espana_rural
40 años,Mujeres,0.59,Porcentajes,espana_rural
41 años,Mujeres,0.60,Porcentajes,espana_rural
42 años,Mujeres,0.63,Porcentajes,espana_rural
43 años,Mujeres,0.63,Porcentajes,espana_rural
44 años,Mujeres,0.66,Porcentajes,espana_rural
45 años,Mujeres,0.66,Porcentajes,espana_rural
46 años,Mujeres,0.66,Porcentajes,espana_rural
47 años,Mujeres,0.66,Porcentajes,espana_rural
48 años,Mujeres,0.66,Porcentajes,espana_rural
49 años,Mujeres,0.68,Porcentajes,espana_rural
50 años,Mujeres,0.69,Porcentajes,espana_rural
51 años,Mujeres,0.71,Porcentajes,espana_rural
52 años,Mujeres,0.72,Porcentajes,espana_rural
53 años,Mujeres,0.73,Porcentajes,espana_rural
54 años,Mujeres,0.74,Porcentajes,espana_rural
55 años,Mujeres,0.75,Porcentajes,espana_rural
56 años,Mujeres,0.78,Porcentajes,espana_rural
57 años,Mujeres,0.75,Porcentajes,espana_rural
58 años,Mujeres,0.73,Porcentajes,espana_rural
59 años,Mujeres,0.74,Porcentajes,espana_rural
60 años,Mujeres,0.74,Porcentajes,espana_rural
61 años,Mujeres,0.71,Porcentajes,espana_rural
62 años,Mujeres,0.68,Porcentajes,espana_rural
63 años,Mujeres,0.67,Porcentajes,espana_rural
64 años,Mujeres,0.63,Porcentajes,espana_rural
65 años,Mujeres,0.59,Porcentajes,espana_rural
66 años,Mujeres,0.58,Porcentajes,espana_rural
67 años,Mujeres,0.58,Porcentajes,espana_rural
68 años,Mujeres,0.58,Porcentajes,espana_rural
69 años,Mujeres,0.55,Porcentajes,espana_rural
70 años,Mujeres,0.55,Porcentajes,espana_rural
71 años,Mujeres,0.58,Porcentajes,espana_rural
72 años,Mujeres,0.61,Porcentajes,espana_rural
73 años,Mujeres,0.56,Porcentajes,espana_rural
74 años,Mujeres,0.54,Porcentajes,espana_rural
75 años,Mujeres,0.58,Porcentajes,espana_rural
76 años,Mujeres,0.55,Porcentajes,espana_rural
77 años,Mujeres,0.57,Porcentajes,espana_rural
78 años,Mujeres,0.51,Porcentajes,espana_rural
79 años,Mujeres,0.48,Porcentajes,espana_rural
80 años,Mujeres,0.58,Porcentajes,espana_rural
81 años,Mujeres,0.37,Porcentajes,espana_rural
82 años,Mujeres,0.42,Porcentajes,espana_rural
83 años,Mujeres,0.50,Porcentajes,espana_rural
84 años,Mujeres,0.57,Porcentajes,espana_rural
85 años,Mujeres,0.52,Porcentajes,espana_rural
86 años,Mujeres,0.50,Porcentajes,espana_rural
87 años,Mujeres,0.49,Porcentajes,espana_rural
88 años,Mujeres,0.44,Porcentajes,espana_rural
89 años,Mujeres,0.39,Porcentajes,espana_rural
90 años,Mujeres,0.35,Porcentajes,espana_rural
91 años,Mujeres,0.29,Porcentajes,espana_rural
92 años,Mujeres,0.25,Porcentajes,espana_rural
93 años,Mujeres,0.18,Porcentajes,espana_rural
94 años,Mujeres,0.16,Porcentajes,espana_rural
95 años,Mujeres,0.12,Porcentajes,espana_rural
96 años,Mujeres,0.09,Porcentajes,espana_rural
97 años,Mujeres,0.07,Porcentajes,espana_rural
98 años,Mujeres,0.05,Porcentajes,espana_rural
99 años,Mujeres,0.03,Porcentajes,espana_rural
100 y más años,Mujeres,0.06,Porcentajes,espana_rural
0 años,Mujeres,0.34,Porcentajes,espana_urbana
1 año,Mujeres,0.37,Porcentajes,espana_urbana
2 años,Mujeres,0.39,Porcentajes,espana_urbana
3 años,Mujeres,0.42,Porcentajes,espana_urbana
4 años,Mujeres,0.45,Porcentajes,espana_urbana
5 años,Mujeres,0.46,Porcentajes,espana_urbana
6 años,Mujeres,0.46,Porcentajes,espana_urbana
7 años,Mujeres,0.46,Porcentajes,espana_urbana
8 años,Mujeres,0.49,Porcentajes,espana_urbana
9 años,Mujeres,0.50,Porcentajes,espana_urbana
10 años,Mujeres,0.51,Porcentajes,espana_urbana
11 años,Mujeres,0.52,Porcentajes,espana_urbana
12 años,Mujeres,0.55,Porcentajes,espana_urbana
13 años,Mujeres,0.53,Porcentajes,espana_urbana
14 años,Mujeres,0.52,Porcentajes,espana_urbana
15 años,Mujeres,0.52,Porcentajes,espana_urbana
16 años,Mujeres,0.51,Porcentajes,espana_urbana
17 años,Mujeres,0.50,Porcentajes,espana_urbana
18 años,Mujeres,0.49,Porcentajes,espana_urbana
19 años,Mujeres,0.49,Porcentajes,espana_urbana
20 años,Mujeres,0.50,Porcentajes,espana_urbana
21 años,Mujeres,0.49,Porcentajes,espana_urbana
22 años,Mujeres,0.48,Porcentajes,espana_urbana
23 años,Mujeres,0.50,Porcentajes,espana_urbana
24 años,Mujeres,0.50,Porcentajes,espana_urbana
25 años,Mujeres,0.51,Porcentajes,espana_urbana
26 años,Mujeres,0.52,Porcentajes,espana_urbana
27 años,Mujeres,0.54,Porcentajes,espana_urbana
28 años,Mujeres,0.56,Porcentajes,espana_urbana
29 años,Mujeres,0.56,Porcentajes,espana_urbana
30 años,Mujeres,0.57,Porcentajes,espana_urbana
31 años,Mujeres,0.58,Porcentajes,espana_urbana
32 años,Mujeres,0.59,Porcentajes,espana_urbana
33 años,Mujeres,0.60,Porcentajes,espana_urbana
34 años,Mujeres,0.62,Porcentajes,espana_urbana
35 años,Mujeres,0.64,Porcentajes,espana_urbana
36 años,Mujeres,0.67,Porcentajes,espana_urbana
37 años,Mujeres,0.69,Porcentajes,espana_urbana
38 años,Mujeres,0.73,Porcentajes,espana_urbana
39 años,Mujeres,0.75,Porcentajes,espana_urbana
40 años,Mujeres,0.79,Porcentajes,espana_urbana
41 años,Mujeres,0.81,Porcentajes,espana_urbana
42 años,Mujeres,0.84,Porcentajes,espana_urbana
43 años,Mujeres,0.85,Porcentajes,espana_urbana
44 años,Mujeres,0.86,Porcentajes,espana_urbana
45 años,Mujeres,0.85,Porcentajes,espana_urbana
46 años,Mujeres,0.85,Porcentajes,espana_urbana
47 años,Mujeres,0.83,Porcentajes,espana_urbana
48 años,Mujeres,0.82,Porcentajes,espana_urbana
49 años,Mujeres,0.81,Porcentajes,espana_urbana
50 años,Mujeres,0.80,Porcentajes,espana_urbana
51 años,Mujeres,0.79,Porcentajes,espana_urbana
52 años,Mujeres,0.78,Porcentajes,espana_urbana
53 años,Mujeres,0.79,Porcentajes,espana_urbana
54 años,Mujeres,0.77,Porcentajes,espana_urbana
55 años,Mujeres,0.76,Porcentajes,espana_urbana
56 años,Mujeres,0.77,Porcentajes,espana_urbana
57 años,Mujeres,0.73,Porcentajes,espana_urbana
58 años,Mujeres,0.71,Porcentajes,espana_urbana
59 años,Mujeres,0.69,Porcentajes,espana_urbana
60 años,Mujeres,0.69,Porcentajes,espana_urbana
61 años,Mujeres,0.67,Porcentajes,espana_urbana
62 años,Mujeres,0.66,Porcentajes,espana_urbana
63 años,Mujeres,0.64,Porcentajes,espana_urbana
64 años,Mujeres,0.60,Porcentajes,espana_urbana
65 años,Mujeres,0.58,Porcentajes,espana_urbana
66 años,Mujeres,0.55,Porcentajes,espana_urbana
67 años,Mujeres,0.55,Porcentajes,espana_urbana
68 años,Mujeres,0.54,Porcentajes,espana_urbana
69 años,Mujeres,0.51,Porcentajes,espana_urbana
70 años,Mujeres,0.49,Porcentajes,espana_urbana
71 años,Mujeres,0.51,Porcentajes,espana_urbana
72 años,Mujeres,0.53,Porcentajes,espana_urbana
73 años,Mujeres,0.48,Porcentajes,espana_urbana
74 años,Mujeres,0.46,Porcentajes,espana_urbana
75 años,Mujeres,0.47,Porcentajes,espana_urbana
76 años,Mujeres,0.44,Porcentajes,espana_urbana
77 años,Mujeres,0.43,Porcentajes,espana_urbana
78 años,Mujeres,0.36,Porcentajes,espana_urbana
79 años,Mujeres,0.33,Porcentajes,espana_urbana
80 años,Mujeres,0.40,Porcentajes,espana_urbana
81 años,Mujeres,0.26,Porcentajes,espana_urbana
82 años,Mujeres,0.29,Porcentajes,espana_urbana
83 años,Mujeres,0.31,Porcentajes,espana_urbana
84 años,Mujeres,0.32,Porcentajes,espana_urbana
85 años,Mujeres,0.30,Porcentajes,espana_urbana
86 años,Mujeres,0.28,Porcentajes,espana_urbana
87 años,Mujeres,0.26,Porcentajes,espana_urbana
88 años,Mujeres,0.24,Porcentajes,espana_urbana
89 años,Mujeres,0.20,Porcentajes,espana_urbana
90 años,Mujeres,0.18,Porcentajes,espana_urbana
91 años,Mujeres,0.15,Porcentajes,espana_urbana
92 años,Mujeres,0.12,Porcentajes,espana_urbana
93 años,Mujeres,0.10,Porcentajes,espana_urbana
94 años,Mujeres,0.08,Porcentajes,espana_urbana
95 años,Mujeres,0.06,Porcentajes,espana_urbana
96 años,Mujeres,0.04,Porcentajes,espana_urbana
97 años,Mujeres,0.03,Porcentajes,espana_urbana
98 años,Mujeres,0.02,Porcentajes,espana_urbana
99 años,Mujeres,0.01,Porcentajes,espana_urbana
100 y más años,Mujeres,0.03,Porcentajes,espana_urbana
